{
  "name": "DistributionRequestPlanner",
  "version": "0.0.5",
  "title": "Distribution Request Planner",
  "author": "hsp9513",
  "factorio_version": "2.0",
  "dependencies": ["base >= 2.0"],
  "description": "Adds a planner that can make distribution request.\nFor a given recipe, each ingredient can be requested in a different request chest.\nThis can be useful if you are using a mod with many ingredients required by the recipe.\nDistribution Request Planner can be found in Shortcuts."
}
